timestamp,site_id,source,http_status,message
2026-09-01T16:40:00Z,S-001,landreg,200,
2026-09-01T16:40:00Z,S-002,landreg,200,
2026-09-01T16:40:00Z,S-003,landreg,200,
2026-09-01T16:40:00Z,S-004,landreg,200,
2026-09-01T16:40:00Z,S-005,landreg,200,
2026-09-01T16:40:00Z,S-006,landreg,200,
2026-09-01T16:40:00Z,S-007,landreg,200,
2026-09-01T16:40:00Z,S-008,landreg,200,
2026-09-01T16:40:00Z,S-009,landreg,200,
2026-09-01T16:40:00Z,S-010,landreg,200,
2026-09-01T16:40:00Z,S-011,landreg,200,
2026-09-01T16:40:00Z,S-012,landreg,200,
2026-09-01T16:40:00Z,S-013,landreg,200,
2026-09-01T16:40:00Z,S-014,landreg,200,
2026-09-01T16:40:00Z,S-015,landreg,200,
2026-09-01T16:40:00Z,S-016,landreg,200,
2026-09-01T16:40:00Z,S-017,landreg,200,
2026-09-01T16:40:00Z,S-018,landreg,200,
2026-09-01T16:40:00Z,S-019,landreg,200,
2026-09-01T16:40:00Z,S-020,landreg,200,
2026-09-01T16:40:00Z,S-021,landreg,200,
2026-09-01T16:40:00Z,S-022,landreg,200,
2026-09-01T16:40:00Z,S-023,landreg,200,
2026-09-01T16:40:00Z,S-024,landreg,404,parcel not found
2026-09-01T16:40:00Z,S-025,landreg,200,
2026-09-01T16:40:00Z,S-026,landreg,200,
2026-09-01T16:40:00Z,S-027,landreg,200,
2026-09-01T16:40:00Z,S-028,landreg,200,
2026-09-01T16:40:00Z,S-029,landreg,200,
2026-09-01T16:40:00Z,S-030,landreg,200,
2026-09-01T16:40:00Z,S-031,landreg,200,
2026-09-01T16:40:00Z,S-032,landreg,200,
2026-09-01T16:40:00Z,S-033,landreg,200,
2026-09-01T16:40:00Z,S-034,landreg,200,
2026-09-01T16:40:00Z,S-035,landreg,200,
2026-09-01T16:40:00Z,S-036,landreg,404,parcel not found
2026-09-01T16:40:00Z,S-037,landreg,200,
2026-09-01T16:40:00Z,S-038,landreg,200,
2026-09-01T16:40:00Z,S-039,landreg,200,
2026-09-01T16:40:00Z,S-040,landreg,200,
2026-09-02T09:12:00Z,S-001,gridmap,200,
2026-09-02T09:12:00Z,S-002,gridmap,200,
2026-09-02T09:12:00Z,S-003,gridmap,200,
2026-09-02T09:12:00Z,S-005,gridmap,200,
2026-09-02T09:12:00Z,S-006,gridmap,200,
2026-09-02T09:12:00Z,S-007,gridmap,200,
2026-09-02T09:12:00Z,S-009,gridmap,200,
2026-09-02T09:12:00Z,S-010,gridmap,200,
2026-09-02T09:12:00Z,S-012,gridmap,200,
2026-09-02T09:12:00Z,S-013,gridmap,200,
2026-09-02T09:12:00Z,S-014,gridmap,200,
2026-09-02T09:12:00Z,S-016,gridmap,200,
2026-09-02T09:12:00Z,S-017,gridmap,200,
2026-09-02T09:12:00Z,S-018,gridmap,200,
2026-09-02T09:12:00Z,S-020,gridmap,200,
2026-09-02T09:12:00Z,S-021,gridmap,200,
2026-09-02T09:12:00Z,S-023,gridmap,200,
2026-09-02T09:12:00Z,S-024,gridmap,200,
2026-09-02T09:12:00Z,S-025,gridmap,200,
2026-09-02T09:12:00Z,S-027,gridmap,200,
2026-09-02T09:12:00Z,S-028,gridmap,200,
2026-09-02T09:12:00Z,S-030,gridmap,200,
2026-09-02T09:12:00Z,S-031,gridmap,200,
2026-09-02T09:12:00Z,S-032,gridmap,200,
2026-09-02T09:12:00Z,S-033,gridmap,200,
2026-09-02T09:12:00Z,S-034,gridmap,200,
2026-09-02T09:12:00Z,S-036,gridmap,200,
2026-09-02T09:12:00Z,S-037,gridmap,200,
2026-09-02T09:12:00Z,S-039,gridmap,200,
2026-09-02T09:12:00Z,S-040,gridmap,200,
2026-09-02T09:14:00Z,S-008,gridmap,200,no substation within search radius (10 km)
2026-09-02T09:14:00Z,S-019,gridmap,200,no substation within search radius (10 km)
2026-09-02T14:06:00Z,S-038,gridmap,503,upstream timeout
2026-09-02T14:08:00Z,S-004,gridmap,503,upstream timeout
2026-09-02T14:11:00Z,S-011,gridmap,503,upstream timeout
2026-09-02T14:17:00Z,S-015,gridmap,503,upstream timeout
2026-09-02T14:23:00Z,S-022,gridmap,503,upstream timeout
2026-09-02T14:27:00Z,S-026,gridmap,503,upstream timeout
2026-09-02T14:32:00Z,S-029,gridmap,503,upstream timeout
2026-09-02T14:35:00Z,S-035,gridmap,503,upstream timeout
